<?xml version="1.0" encoding="UTF-8"?>
<!--
    Copyright (c) 2007, 2009 David Green and others.
    All rights reserved. This program and the accompanying materials
    are made available under the terms of the Eclipse Public License v1.0
    which accompanies this distribution, and is available at
    http://www.eclipse.org/legal/epl-v10.html
    
    Contributors:
        David Green - initial API and implementation
 -->
<feature
      id="org.eclipse.mylyn.wikitext_feature"
      label="%featureName"
      version="1.1.3.v20100217-0100-e3x"
      provider-name="%providerName"
      plugin="org.eclipse.mylyn">

   <description>
      %description
   </description>

   <copyright>
      %copyright
   </copyright>

   <license url="license.html">
      %license
   </license>

   <url>
      <update label="%updateSiteName" url="http://download.eclipse.org/tools/mylyn/update/e3.4"/>
   </url>

   <requires>
      <import plugin="org.eclipse.mylyn.tasks.core" version="3.0.2" match="compatible"/>
      <import plugin="org.eclipse.mylyn.tasks.ui" version="3.0.2" match="compatible"/>
      <import plugin="org.eclipse.jface.text"/>
      <import plugin="org.eclipse.swt"/>
      <import plugin="org.eclipse.core.runtime"/>
      <import plugin="org.eclipse.ui"/>
      <import plugin="org.eclipse.ui.editors"/>
      <import plugin="org.eclipse.ui.workbench.texteditor"/>
      <import plugin="org.eclipse.ui.views"/>
      <import plugin="org.eclipse.ui.ide"/>
      <import plugin="org.eclipse.core.expressions"/>
      <import plugin="org.eclipse.core.resources"/>
      <import plugin="org.eclipse.help"/>
      <import plugin="org.eclipse.mylyn.tasks.ui" version="3.0.2" match="compatible"/>
      <import plugin="org.eclipse.mylyn.tasks.core" version="3.0.2" match="compatible"/>
      <import feature="org.eclipse.mylyn_feature" version="3.0.2.I20080816" match="compatible"/>
   </requires>

   <plugin
         id="org.eclipse.mylyn.wikitext.core"
         download-size="0"
         install-size="0"
         version="1.1.3.v20100217-0100-e3x"
         unpack="false"/>

   <plugin
         id="org.eclipse.mylyn.wikitext.textile.core"
         download-size="0"
         install-size="0"
         version="1.1.3.v20100217-0100-e3x"
         unpack="false"/>

   <plugin
         id="org.eclipse.mylyn.wikitext.mediawiki.core"
         download-size="0"
         install-size="0"
         version="1.1.3.v20100217-0100-e3x"
         unpack="false"/>

   <plugin
         id="org.eclipse.mylyn.wikitext.confluence.core"
         download-size="0"
         install-size="0"
         version="1.1.3.v20100217-0100-e3x"
         unpack="false"/>

   <plugin
         id="org.eclipse.mylyn.wikitext.tracwiki.core"
         download-size="0"
         install-size="0"
         version="1.1.3.v20100217-0100-e3x"
         unpack="false"/>

   <plugin
         id="org.eclipse.mylyn.wikitext.twiki.core"
         download-size="0"
         install-size="0"
         version="1.1.3.v20100217-0100-e3x"
         unpack="false"/>

   <plugin
         id="org.eclipse.mylyn.wikitext.ui"
         download-size="0"
         install-size="0"
         version="1.1.3.v20100217-0100-e3x"
         unpack="false"/>

   <plugin
         id="org.eclipse.mylyn.wikitext.help.ui"
         download-size="0"
         install-size="0"
         version="1.1.3.v20100217-0100-e3x"
         unpack="false"/>

   <plugin
         id="org.eclipse.mylyn.wikitext.textile.ui"
         download-size="0"
         install-size="0"
         version="1.1.3.v20100217-0100-e3x"
         unpack="false"/>

   <plugin
         id="org.eclipse.mylyn.wikitext.mediawiki.ui"
         download-size="0"
         install-size="0"
         version="1.1.3.v20100217-0100-e3x"
         unpack="false"/>

   <plugin
         id="org.eclipse.mylyn.wikitext.confluence.ui"
         download-size="0"
         install-size="0"
         version="1.1.3.v20100217-0100-e3x"
         unpack="false"/>

   <plugin
         id="org.eclipse.mylyn.wikitext.tracwiki.ui"
         download-size="0"
         install-size="0"
         version="1.1.3.v20100217-0100-e3x"
         unpack="false"/>

   <plugin
         id="org.eclipse.mylyn.wikitext.twiki.ui"
         download-size="0"
         install-size="0"
         version="1.1.3.v20100217-0100-e3x"
         unpack="false"/>

   <plugin
         id="org.eclipse.mylyn.wikitext.tasks.ui"
         download-size="0"
         install-size="0"
         version="1.1.3.v20100217-0100-e3x"
         unpack="false"/>

</feature>
