<?xml version="1.0" encoding="UTF-8"?>
<feature
      id="org.eclipse.wst.xml_ui.feature"
      label="%featureName"
      version="3.1.1.v200907161031-7H6FMbDxtkMs9OeLGF98LRhdPKeo"
      provider-name="%providerName"
      plugin="org.eclipse.wst.xml.ui">

   <description>
      %description
   </description>

   <copyright>
      %copyright
   </copyright>

   <license url="%licenseURL">
      %license
   </license>

   <url>
      <update label="%updateSiteName" url="http://download.eclipse.org/webtools/updates/"/>
      <discovery label="Web Tools Platform (WTP) Updates" url="http://download.eclipse.org/webtools/updates"/>
   </url>

   <includes
         id="org.eclipse.wst.common_ui.feature"
         version="3.1.1.v200908102300-7B5FRHDhdMOGnoekn4gtEJxSmPxV"/>

   <includes
         id="org.eclipse.wst.xml_userdoc.feature"
         version="3.1.1.v200906020459-50FR7AkF77f7MESDKEF"/>

   <includes
         id="org.eclipse.wst.xml_core.feature"
         version="3.1.1.v200907161031-7C7OFPiF7RZHKFHgU1LkY6"/>

   <plugin
         id="org.eclipse.wst.dtd.ui"
         download-size="0"
         install-size="0"
         version="1.0.400.v200904300717"
         unpack="false"/>

   <plugin
         id="org.eclipse.wst.dtd.ui.infopop"
         download-size="0"
         install-size="0"
         version="1.0.300.v200805140200"
         unpack="false"/>

   <plugin
         id="org.eclipse.wst.sse.ui.infopop"
         download-size="0"
         install-size="0"
         version="1.0.200.v200805301545"
         unpack="false"/>

   <plugin
         id="org.eclipse.wst.xml.ui.infopop"
         download-size="0"
         install-size="0"
         version="1.0.300.v200805140200"
         unpack="false"/>

   <plugin
         id="org.eclipse.wst.sse.ui"
         download-size="0"
         install-size="0"
         version="1.1.102.v200910200227"
         unpack="false"/>

   <plugin
         id="org.eclipse.wst.xml.ui"
         download-size="0"
         install-size="0"
         version="1.1.2.v201001222130"
         unpack="false"/>

   <plugin
         id="org.eclipse.wst.xsd.ui"
         download-size="0"
         install-size="0"
         version="1.2.204.v200909021537"
         unpack="false"/>

</feature>
