<?xml version="1.0" encoding="UTF-8"?>
<config transient="false">
	<site url="platform:/base/" policy="USER-EXCLUDE" updateable="true" enabled="true">
		<feature version="3.5.2.R35x_v20100210-0800-9hEiFzmFst-TiEn9hNYgDWg1XN8ulH_JvCNGB" url="features/org.eclipse.platform_3.5.2.R35x_v20100210-0800-9hEiFzmFst-TiEn9hNYgDWg1XN8ulH_JvCNGB/" id="org.eclipse.platform">
		</feature>
		<feature version="1.2.2.20100216-1730" url="features/org.eclipse.epp.package.java.feature_1.2.2.20100216-1730/" plugin-identifier="org.eclipse.epp.package.java" id="org.eclipse.epp.package.java.feature">
		</feature>
		<feature version="3.2.3.v20100217-0100-e3x" url="features/org.eclipse.mylyn.bugzilla_feature_3.2.3.v20100217-0100-e3x/" plugin-identifier="org.eclipse.mylyn" id="org.eclipse.mylyn.bugzilla_feature">
		</feature>
		<feature version="3.2.3.v20100217-0100-e3x" url="features/org.eclipse.mylyn.context_feature_3.2.3.v20100217-0100-e3x/" plugin-identifier="org.eclipse.mylyn" id="org.eclipse.mylyn.context_feature">
		</feature>
		<feature version="3.5.2.R35x_v20100119-9SA0FxwFnoCU5XxWItFdXXb27BA6" url="features/org.eclipse.rcp_3.5.2.R35x_v20100119-9SA0FxwFnoCU5XxWItFdXXb27BA6/" id="org.eclipse.rcp">
		</feature>
		<feature version="3.1.1.v200908102300-7B77FZ6F7RZHKDIwRlOwUN" url="features/org.eclipse.wst.common_core.feature_3.1.1.v200908102300-7B77FZ6F7RZHKDIwRlOwUN/" id="org.eclipse.wst.common_core.feature">
		</feature>
		<feature version="1.1.2.R35x_v20091106-7u6FbQFUAtsCKD5Fxz0qz0fb2932" url="features/org.eclipse.equinox.p2.user.ui_1.1.2.R35x_v20091106-7u6FbQFUAtsCKD5Fxz0qz0fb2932/" id="org.eclipse.equinox.p2.user.ui">
		</feature>
		<feature version="3.2.3.v20100217-0100-e3x" url="features/org.eclipse.mylyn.ide_feature_3.2.3.v20100217-0100-e3x/" plugin-identifier="org.eclipse.mylyn" id="org.eclipse.mylyn.ide_feature">
		</feature>
		<feature version="1.1.2.R35x_v20100119-7e7eFAnFEx2X_fZltJhDjz-D" url="features/org.eclipse.help_1.1.2.R35x_v20100119-7e7eFAnFEx2X_fZltJhDjz-D/" plugin-identifier="org.eclipse.help.base" id="org.eclipse.help">
		</feature>
		<feature version="3.5.2.r352_v20100108-7r88FEwFI0WTuoBl0iaG0tyhfZH6" url="features/org.eclipse.jdt_3.5.2.r352_v20100108-7r88FEwFI0WTuoBl0iaG0tyhfZH6/" id="org.eclipse.jdt">
		</feature>
		<feature version="3.1.1.v200906020459-50FR7AkF77f7MESDKEF" url="features/org.eclipse.wst.xml_userdoc.feature_3.1.1.v200906020459-50FR7AkF77f7MESDKEF/" id="org.eclipse.wst.xml_userdoc.feature">
		</feature>
		<feature version="1.1.1.R201001291118" url="features/org.eclipse.epp.usagedata.feature_1.1.1.R201001291118/" id="org.eclipse.epp.usagedata.feature">
		</feature>
		<feature version="3.2.3.v20100217-0100-e3x" url="features/org.eclipse.mylyn.java_feature_3.2.3.v20100217-0100-e3x/" plugin-identifier="org.eclipse.mylyn" id="org.eclipse.mylyn.java_feature">
		</feature>
		<feature version="3.1.1.v200908102300-7B5FRHDhdMOGnoekn4gtEJxSmPxV" url="features/org.eclipse.wst.common_ui.feature_3.1.1.v200908102300-7B5FRHDhdMOGnoekn4gtEJxSmPxV/" id="org.eclipse.wst.common_ui.feature">
		</feature>
		<feature version="1.1.101.R35x_v20100125-7E79FGD9kKF67BPDZ7PKCE1911" url="features/org.eclipse.cvs_1.1.101.R35x_v20100125-7E79FGD9kKF67BPDZ7PKCE1911/" id="org.eclipse.cvs">
		</feature>
		<feature version="3.2.3.v20100217-0100-e3x" url="features/org.eclipse.mylyn.team_feature_3.2.3.v20100217-0100-e3x/" plugin-identifier="org.eclipse.mylyn" id="org.eclipse.mylyn.team_feature">
		</feature>
		<feature version="3.2.3.v20100217-0100-e3x" url="features/org.eclipse.mylyn_feature_3.2.3.v20100217-0100-e3x/" plugin-identifier="org.eclipse.mylyn" id="org.eclipse.mylyn_feature">
		</feature>
		<feature version="3.1.1.v200907161031-7H6FMbDxtkMs9OeLGF98LRhdPKeo" url="features/org.eclipse.wst.xml_ui.feature_3.1.1.v200907161031-7H6FMbDxtkMs9OeLGF98LRhdPKeo/" plugin-identifier="org.eclipse.wst.xml.ui" id="org.eclipse.wst.xml_ui.feature">
		</feature>
		<feature version="3.1.1.v200907161031-7C7OFPiF7RZHKFHgU1LkY6" url="features/org.eclipse.wst.xml_core.feature_3.1.1.v200907161031-7C7OFPiF7RZHKFHgU1LkY6/" id="org.eclipse.wst.xml_core.feature">
		</feature>
		<feature version="1.1.3.v20100217-0100-e3x" url="features/org.eclipse.mylyn.wikitext_feature_1.1.3.v20100217-0100-e3x/" plugin-identifier="org.eclipse.mylyn" id="org.eclipse.mylyn.wikitext_feature">
		</feature>
	</site>
</config>
